{
  "timestamp": "2026-01-02T03:47:56.630760",
  "gpu": "NVIDIA H100 80GB HBM3",
  "language_pair": "de-en",
  "mamba": {
    "checkpoint": "doc_nmt_mamba/outputs/thesis_fast/mamba/checkpoint-20000/model.v2.pt",
    "quality": {
      "bleu": 7.2136784002807595,
      "bleu_ci_low": 0.8648712333486351,
      "bleu_ci_high": 1.0583437215913074,
      "comet": null,
      "comet_ci_low": null,
      "comet_ci_high": null,
      "chrf": 23.391359319755693
    },
    "contrapro": {
      "accuracy": 0.74,
      "correct": 74,
      "total": 100,
      "accuracy_by_distance": {
        "0-50": 0.7532467532467533,
        "51-100": 0.6956521739130435,
        "101-200": null,
        "201-500": null,
        "501-1000": null,
        "1000+": null
      }
    }
  },
  "transformer": {
    "checkpoint": "doc_nmt_mamba/outputs/thesis_fast/transformer/checkpoint-35000/model.v2.pt",
    "quality": {
      "bleu": 3.994369946842586,
      "bleu_ci_low": 0.7684860812034817,
      "bleu_ci_high": 0.8986004767820576,
      "comet": null,
      "comet_ci_low": null,
      "comet_ci_high": null,
      "chrf": 16.046613719256595
    },
    "contrapro": {
      "accuracy": 0.87,
      "correct": 87,
      "total": 100,
      "accuracy_by_distance": {
        "0-50": 0.935064935064935,
        "51-100": 0.6521739130434783,
        "101-200": null,
        "201-500": null,
        "501-1000": null,
        "1000+": null
      }
    }
  },
  "significance": {
    "bleu": {
      "mamba_score": 0.965900337206088,
      "transformer_score": 0.8320581690007757,
      "p_value": 0.01,
      "is_significant": true,
      "winner": "Mamba"
    }
  }
}