{
  "model_name": "model.v2",
  "dataset": "iwslt14-test",
  "num_samples": 500,
  "bleu": 9.554385870972556,
  "bleu_signature": "BLEU = 9.55 73.8/31.2/4.8/0.8 (BP = 0.985 ratio = 0.985 hyp_len = 65 ref_len = 66)",
  "comet": null,
  "chrf": 26.256918616350273,
  "chrf_plus_plus": 23.391359319755693,
  "bleu_1": 73.84615384615384,
  "bleu_2": 31.25,
  "bleu_3": 4.761904761904762,
  "bleu_4": 0.8064516129032258,
  "brevity_penalty": 0.9847331232494917,
  "bleu_ci_low": 0.9903099683646092,
  "bleu_ci_high": 1.1171665601350598,
  "comet_ci_low": null,
  "comet_ci_high": null
}